,노래 제목,가수 이름
1,Seven (feat. Latto) - Clean Ver.,정국
2,Super Shy,NewJeans
3,ETA,NewJeans
4,헤어지자 말해요,박재정
5,퀸카 (Queencard),(여자)아이들
6,I AM,IVE (아이브)
7,모래 알갱이,임영웅
8,사막에서 꽃을 피우듯,우디 (Woody)
9,Steal The Show (From “엘리멘탈”),Lauv
10,사랑은 늘 도망가,임영웅
11,Fast Forward,전소미
12,Spicy,aespa
13,우리들의 블루스,임영웅
14,"이브, 프시케 그리고 푸른 수염의 아내",LE SSERAFIM (르세라핌)
15,New Jeans,NewJeans
16,Hype boy,NewJeans
17,다시 만날 수 있을까,임영웅
18,Still With You,정국
19,무지개,임영웅
20,이제 나만 믿어요,임영웅
21,London Boy,임영웅
22,아버지,임영웅
23,Kitsch,IVE (아이브)
24,Polaroid,임영웅
25,Ditto,NewJeans
26,UNFORGIVEN (feat. Nile Rodgers),LE SSERAFIM (르세라핌)
27,인생찬가,임영웅
28,A bientot,임영웅
29,손이 참 곱던 그대,임영웅
30,사랑해 진짜,임영웅
31,Summer (Feat. BE’O (비오)),Paul Blanco
32,연애편지,임영웅
33,Love Lee,AKMU (악뮤)
34,Dynamite,방탄소년단
35,Attention,NewJeans
36,손오공,세븐틴 (SEVENTEEN)
37,OMG,NewJeans
38,Cool With You,NewJeans
39,보금자리,임영웅
40,Take Two,방탄소년단
41,After LIKE,IVE (아이브)
42,사건의 지평선,윤하 (YOUNHA)
43,Love Me Again,V
44,I Don't Think That I Like Her,Charlie Puth
45,LOVE DIVE,IVE (아이브)
46,꽃,지수 (JISOO)
47,CAKE,ITZY (있지)
48,봄날,방탄소년단
49,파이팅 해야지 (Feat. 이영지),부석순 (SEVENTEEN)
50,Bubble,STAYC(스테이씨)
51,Like Crazy,지민
52,Dangerously,Charlie Puth
53,KIDDING,이세계아이돌
54,Teddy Bear,STAYC(스테이씨)
55,Butter,방탄소년단
56,심(心),DK(디셈버)
57,Dreamers [Music from the FIFA World Cup Qatar 2022 Official Soundtrack] (Feat. FIFA Sound),"정국, 방탄소년단"
58,사람 Pt.2 (feat. 아이유),Agust D
59,ISTJ,NCT DREAM
60,사랑하지 않아서 그랬어,임한별
61,후라이의 꿈,AKMU (악뮤)
62,너의 모든 순간,성시경
63,나에게 그대만이,탑현
64,Candy,NCT DREAM
65,사랑인가 봐,멜로망스
66,잠깐 시간 될까,이무진
67,물론,허각
68,Cupid,FIFTY FIFTY
69,여름이 들려 (Summer Comes),오마이걸 (OH MY GIRL)
70,ANTIFRAGILE,LE SSERAFIM (르세라핌)
71,Permission to Dance,방탄소년단
72,Rainy Days,V
73,사실말야내가말야그게그러니까말이야,케이시 (Kassy)
74,건물 사이에 피어난 장미 (Rose Blossom),H1-KEY (하이키)
75,ASAP,NewJeans
76,Allergy,(여자)아이들
77,on the street (with J. Cole),"j-hope, J. Cole"
78,사랑..그게 뭔데,지아
79,그중에 그대를 만나,김호중
80,첫 키스에 내 심장은 120BPM,경서
81,민들레 (single ver.),우효
82,사랑의 바보,제이세라
83,STAY,"The Kid LAROI, Justin Bieber"
84,취중고백,김민석 (멜로망스)
85,Broken Melodies,NCT DREAM
86,해요 (2022),#안녕
87,"잘 지내자, 우리 (여름날 우리 X 로이킴)",로이킴
88,In Bloom,ZEROBASEONE (제로베이스원)
89,다정히 내 이름을 부르면,"경서예지, 전건호"
90,I WANT,IVE (아이브)
91,That's Hilarious,Charlie Puth
92,TOMBOY,(여자)아이들
93,LOCKDOWN,이세계아이돌
94,Heaven(2023),임재현
95,미친 사랑의 노래,"김연지, DK(디셈버)"
96,Yogurt Shake,NCT DREAM
97,That’s Not How This Works (feat. Dan + Shay),Charlie Puth
98,빛이 나는 너에게,던 (DAWN)
99,Nxde,(여자)아이들
100,Monologue,테이
